Prediction,Label,Match,F1
0.000005,2.0,False,0.0
1024777.000000,1024777.0,True,0.0
2.000000,2.0,True,0.0
3.000000,2.0,False,0.0
1358702716.000000,204705339555378.0,False,0.0
2129.000000,2129.0,True,0.0
1.630000,1.63,True,0.0
8.500000,6.9,False,0.0
1.000000,1.0,True,0.0
38.492300,38.4923,True,0.0
