Prediction,Label,Match,F1
112.870700,112.8707,True,0.0
10.000000,12.0,False,0.0
113.356700,113.3567,True,0.0
3085988.000000,3085988.0,True,0.0
8.000000,8.0,True,0.0
4.000000,4.0,True,0.0
2259558607739873.000000,2259558607739873.0,True,0.0
4016.000000,4016.0,True,0.0
111.574050,111.57405,True,0.0
4.730000,4.73,True,0.0
23.500000,21.9,False,0.0
14.000000,3.0,False,0.0
45.292300,45.2509,False,0.0
