Prediction,Label,Match,F1
112.8707,112.8707,True,0.0
10.0,12.0,False,0.0
113.3567,113.3567,True,0.0
3085988.0,3085988.0,True,0.0
8.0,8.0,True,0.0
4.0,4.0,True,0.0
2259558607739873.0,2259558607739873.0,True,0.0
4016.0,4016.0,True,0.0
111.57405,111.57405,True,0.0
4.73,4.73,True,0.0
23.5,21.9,False,0.0
14.0,3.0,False,0.0
45.2923,45.2509,False,0.0
