Prediction,Label,Match,F1
37.404721,37.404721,True,1.0
5.0,5.0,True,0.0
37.8044,37.8044,True,0.0
1024777.0,1024777.0,True,0.0
3.0,3.0,True,0.0
1.0,1.0,True,0.0
1358702716.0,204705339555378.0,False,0.0
2129.0,2129.0,True,0.0
41.58533,41.58533,True,0.0
1.63,1.63,True,0.0
7.3,6.9,False,0.0
9.0,1.0,False,0.0
38.4923,38.4923,True,0.0
