Prediction,Label,Match,F1
37.404721,37.404721,True,1.0
5.000000,5.0,True,0.0
37.804400,37.8044,True,0.0
1024777.000000,1024777.0,True,0.0
3.000000,3.0,True,0.0
1.000000,1.0,True,0.0
1358702716.000000,204705339555378.0,False,0.0
2129.000000,2129.0,True,0.0
41.585330,41.58533,True,0.0
1.630000,1.63,True,0.0
7.300000,6.9,False,0.0
9.000000,1.0,False,0.0
38.492300,38.4923,True,0.0
