Prediction,Label,Match,F1
0.133333,0.1166666666666666,False,0.0
1910.073333,1966.6566666666663,False,0.0
573.260000,573.26,True,0.0
1630.900909,2243.3233333333333,False,0.0
1373.656667,1373.6566666666668,True,0.0
0.083333,0.0566666666666666,False,0.0
676.656667,676.6566666666666,True,0.0
"22.656667, 20.590000, 19.990000",27.656666666666663,False,0.0
2.323333,2.3233333333333337,True,0.0
2.323333,2.3233333333333337,True,0.0
0.990000,2.3233333333333337,False,0.0
