Prediction,Label,Match,F1
103.642270,103.64227,True,0.0
16.100000,16.1,True,0.0
11.000000,11.0,True,0.0
-369.401930,-369.40193,True,0.0
203.278450,164.37009,False,0.0
1048606.000000,1048606.0,True,0.0
8.000000,8.0,True,0.0
57801.000000,57801.0,True,0.0
6.000000,6.0,True,0.0
185652452641555.000000,185652452641555.0,True,0.0
2140.000000,2140.0,True,0.0
556.000000,239.0,False,0.0
2.000000,2.0,True,0.0
43.000000,43.0,True,0.0
2157.400000,2157.4,True,0.0
90078.000000,90078.0,True,0.0
