Prediction,Label,Match,F1
29.984300,29.9843,True,0.0
4.000000,4.0,True,0.0
"-73.810438, -75.209050, -76.572434, -83.117242",-73.810438,True,0.4
41.863860,41.86386,True,0.0
88155.000000,88155.0,True,0.0
2.000000,2.0,True,0.0
18503.000000,18503.0,True,0.0
2.000000,2.0,True,0.0
6425923706.000000,6425923706.0,True,0.0
248.000000,248.0,True,0.0
77.000000,77.0,True,0.0
10.900000,10.9,True,0.0
2.000000,2.0,True,0.0
12173.000000,12173.0,True,0.0
