Prediction,Label,Match,F1
0.066667,0.1166666666666666,False,0.0
1316.326667,1966.6566666666663,False,0.0
573.260000,573.26,True,0.0
2243.323333,2243.3233333333333,True,0.0
1106.990000,1373.6566666666668,False,0.0
0.033333,0.0566666666666666,False,0.0
676.656667,676.6566666666666,True,0.0
22.323333,27.656666666666663,False,0.0
2.323333,2.3233333333333337,True,0.0
1.790000,2.3233333333333337,False,0.0
0.330002,2.3233333333333337,False,0.0
