Prediction,Label,Match,F1
0.666670,4.0,False,0.0
1028662.666667,1028662.6666666666,True,0.0
2.666667,2.6666666666666665,True,0.0
1.333333,1.3333333333333333,True,0.0
241313284580820.106667,753186202579957.6,False,0.0
1100.666667,1338.6666666666667,False,0.0
1.576667,1.5766666666666669,True,0.0
7.700000,7.3,False,0.0
1.000000,1.0,True,0.0
15.083633,15.083633333333331,True,0.0
