Prediction,Label,Match,F1
103.64227,103.64227,True,0.0
16.1,16.1,True,0.0
11.0,11.0,True,0.0
-369.40193,-369.40193,True,0.0
164.37009,164.37009,True,0.0
1048606.0,1048606.0,True,0.0
8.0,8.0,True,0.0
57801.0,57801.0,True,0.0
6.0,6.0,True,0.0
185652452641555.0,185652452641555.0,True,0.0
2140.0,2140.0,True,0.0
239.0,239.0,True,0.0
2.0,2.0,True,0.0
43.0,43.0,True,0.0
2157.4,2157.4,True,0.0
90078.0,90078.0,True,0.0
