Prediction,Label,Match,F1
2.000010,12.0,False,0.0
3085988.000000,3085988.0,True,0.0
14.000000,8.0,False,0.0
4.000000,4.0,True,0.0
,2259558607739873.0,False,0.0
4016.000000,4016.0,True,0.0
4.730000,4.73,True,0.0
7.700000,21.9,False,0.0
3.000000,3.0,True,0.0
45.250900,45.2509,True,0.0
