Prediction,Label,Match,F1
0.066667,0.1166666666666666,False,0.0
4099.990000,1966.6566666666663,False,0.0
395.010000,395.01,True,0.0
1649.990000,1295.6566666666663,False,0.0
599.990000,599.99,True,0.0
0.066667,0.0566666666666666,False,0.0
1338.990000,1338.99,True,0.0
20.323333,20.32333333333333,True,0.0
1.663333,2.99,False,0.0
2.990000,2.99,True,0.0
4.990000,1.656666666666667,False,0.0
