Prediction,Label,Match,F1
0.133333,0.1166666666666666,False,0.0
1537.768889,1966.6566666666663,False,0.0
395.010000,395.01,True,0.0
1295.656667,1295.6566666666663,True,0.0
599.990000,599.99,True,0.0
0.116667,0.0566666666666666,False,0.0
1338.990000,1338.99,True,0.0
20.323333,20.32333333333333,True,0.0
2.990000,2.99,True,0.0
2.990000,2.99,True,0.0
1.656667,1.656666666666667,True,0.0
