Prediction,Label,Match,F1
37.623567,37.62356666666667,True,0.0
3.666667,4.0,False,0.0
37.785567,37.78556666666666,True,0.0
1028662.666667,1028662.6666666666,True,0.0
2.666667,2.6666666666666665,True,0.0
1.333333,1.3333333333333333,True,0.0
753186202579957.666667,753186202579957.6,True,0.0
1338.666667,1338.6666666666667,True,0.0
37.191350,37.19135,True,0.0
1.576667,1.5766666666666669,True,0.0
7.300000,7.3,True,0.0
3.666667,1.0,False,0.0
15.097433,15.083633333333331,False,0.0
