Prediction,Label,Match,F1
35.158135,35.158135,True,1.0
3.666667,3.666667,True,1.0
-73.602468,-73.602468,True,1.0
40.319860,40.31986,True,0.0
274856.250000,274856.25,True,0.0
2.000000,2.0,True,0.0
12571.333333,12571.333333,True,1.0
2.000000,2.0,True,0.0
56909486362.333333,56909486362.333336,True,0.0
797.250000,797.25,True,0.0
78.750000,78.75,True,0.0
3.500000,3.5,True,0.0
13.500000,13.5,True,0.0
705.100000,705.1,True,0.0
1164.500000,1164.5,True,0.0
