Prediction,Label,Match,F1
29.9843,29.9843,True,0.0
4.0,4.0,True,0.0
-73.810438,-73.810438,True,1.0
41.86386,41.86386,True,0.0
88155.0,88155.0,True,0.0
2.0,2.0,True,0.0
18503.0,18503.0,True,0.0
2.0,2.0,True,0.0
6425923706.0,6425923706.0,True,0.0
248.0,248.0,True,0.0
77.0,77.0,True,0.0
10.9,10.9,True,0.0
2.0,2.0,True,0.0
12173.0,12173.0,True,0.0
